{
"lengthUnit": "mil",
"components": {
	"fields": ["COMPONENT_NO", "COMPONENT_NAME", "LAYER", "X_COORDINATE", "Y_COORDINATE", "ANGLE"],
	"rows": [
		[1, "BTN1", "T", 205, -1345, 270],
		[2, "COM", "T", 205, -1740, 270],
		[3, "D1", "T", 1810, -720, 90],
		[4, "D2", "T", 2360, -725, 90],
		[5, "LED1", "T", 210, -560, 270],
		[6, "LED2", "T", 210, -950, 270],
		[7, "LIM_SWITCH1", "T", 2345, -270, 180],
		[8, "LIM_SWITCH2", "T", 1790, -270, 180],
		[9, "MOTOR1", "T", 1660, -2435, 0],
		[10, "MOTOR2", "T", 2025, -2435, 0],
		[11, "MOTORPOWER", "T", 2390, -2435, 0],
		[12, "PICOW1", "T", 975, -760, 270],
		[13, "R1", "T", 2150, -685, 90],
		[14, "R2", "T", 1565, -695, 90],
		[15, "R3", "T", 1690, -1055, 180],
		[16, "R4", "T", 295, -2365, 180],
		[17, "R5", "T", 305, -2150, 180],
		[18, "TMC2209", "T", 1565, -1945, 90]
	]
},
"pins": {
	"fields": ["PIN_NO", "PIN_NAME", "PIN_X", "PIN_Y", "LAYER", "PIN_TYPE", "NET_NAME", "NET_TYPE", "PAD_SHAPE", "PAD_SIZEX", "PAD_SIZEY", "HOLE_SIZE", "PAD_ANGLE"],
	"rows": [
		[1, "BTN1_1", 205, -1270, "T", "DIP", "RESET", "", "C", 86.61, 86.61, 49.21, 270],
		[2, "BTN1_1", 205, -1270, "B", "DIP", "RESET", "", "C", 86.61, 86.61, 49.21, 270],
		[3, "BTN1_2", 205, -1420, "T", "DIP", "$1N2055", "", "C", 86.61, 86.61, 49.21, 270],
		[4, "BTN1_2", 205, -1420, "B", "DIP", "$1N2055", "", "C", 86.61, 86.61, 49.21, 270],
		[5, "COM_1", 205, -1665, "T", "DIP", "TX", "", "C", 86.61, 86.61, 49.21, 270],
		[6, "COM_1", 205, -1665, "B", "DIP", "TX", "", "C", 86.61, 86.61, 49.21, 270],
		[7, "COM_2", 205, -1815, "T", "DIP", "RX", "", "C", 86.61, 86.61, 49.21, 270],
		[8, "COM_2", 205, -1815, "B", "DIP", "RX", "", "C", 86.61, 86.61, 49.21, 270],
		[9, "D1_1", 1810, -877.48, "T", "DIP", "ADC1", "", "C", 70.87, 70.87, 39.37, 90],
		[10, "D1_1", 1810, -877.48, "B", "DIP", "ADC1", "", "C", 70.87, 70.87, 39.37, 90],
		[11, "D1_2", 1810, -562.52, "T", "DIP", "GND", "GND", "C", 70.87, 70.87, 39.37, 90],
		[12, "D1_2", 1810, -562.52, "B", "DIP", "GND", "GND", "C", 70.87, 70.87, 39.37, 90],
		[13, "D2_1", 2360, -882.48, "T", "DIP", "ADC2", "", "C", 70.87, 70.87, 39.37, 90],
		[14, "D2_1", 2360, -882.48, "B", "DIP", "ADC2", "", "C", 70.87, 70.87, 39.37, 90],
		[15, "D2_2", 2360, -567.52, "T", "DIP", "GND", "GND", "C", 70.87, 70.87, 39.37, 90],
		[16, "D2_2", 2360, -567.52, "B", "DIP", "GND", "GND", "C", 70.87, 70.87, 39.37, 90],
		[17, "LED1_1", 210, -485, "T", "DIP", "POWER", "", "C", 86.61, 86.61, 49.21, 270],
		[18, "LED1_1", 210, -485, "B", "DIP", "POWER", "", "C", 86.61, 86.61, 49.21, 270],
		[19, "LED1_2", 210, -635, "T", "DIP", "$1N1557", "", "C", 86.61, 86.61, 49.21, 270],
		[20, "LED1_2", 210, -635, "B", "DIP", "$1N1557", "", "C", 86.61, 86.61, 49.21, 270],
		[21, "LED2_1", 210, -875, "T", "DIP", "WIFI", "", "C", 86.61, 86.61, 49.21, 270],
		[22, "LED2_1", 210, -875, "B", "DIP", "WIFI", "", "C", 86.61, 86.61, 49.21, 270],
		[23, "LED2_2", 210, -1025, "T", "DIP", "$1N1596", "", "C", 86.61, 86.61, 49.21, 270],
		[24, "LED2_2", 210, -1025, "B", "DIP", "$1N1596", "", "C", 86.61, 86.61, 49.21, 270],
		[25, "LIM_SWITCH1_1", 2495, -270, "T", "DIP", "+5V", "", "C", 98.42, 98.42, 62.99, 0],
		[26, "LIM_SWITCH1_1", 2495, -270, "B", "DIP", "+5V", "", "C", 98.42, 98.42, 62.99, 0],
		[27, "LIM_SWITCH1_2", 2345, -270, "T", "DIP", "GND", "GND", "C", 98.42, 98.42, 62.99, 0],
		[28, "LIM_SWITCH1_2", 2345, -270, "B", "DIP", "GND", "GND", "C", 98.42, 98.42, 62.99, 0],
		[29, "LIM_SWITCH1_3", 2195, -270, "T", "DIP", "$1N923", "", "C", 98.42, 98.42, 62.99, 0],
		[30, "LIM_SWITCH1_3", 2195, -270, "B", "DIP", "$1N923", "", "C", 98.42, 98.42, 62.99, 0],
		[31, "LIM_SWITCH2_1", 1940, -270, "T", "DIP", "+5V", "", "C", 98.42, 98.42, 62.99, 0],
		[32, "LIM_SWITCH2_1", 1940, -270, "B", "DIP", "+5V", "", "C", 98.42, 98.42, 62.99, 0],
		[33, "LIM_SWITCH2_2", 1790, -270, "T", "DIP", "GND", "GND", "C", 98.42, 98.42, 62.99, 0],
		[34, "LIM_SWITCH2_2", 1790, -270, "B", "DIP", "GND", "GND", "C", 98.42, 98.42, 62.99, 0],
		[35, "LIM_SWITCH2_3", 1640, -270, "T", "DIP", "$1N1215", "", "C", 98.42, 98.42, 62.99, 0],
		[36, "LIM_SWITCH2_3", 1640, -270, "B", "DIP", "$1N1215", "", "C", 98.42, 98.42, 62.99, 0],
		[37, "MOTOR1_1", 1585, -2435, "T", "DIP", "A+", "", "C", 86.61, 86.61, 49.21, 0],
		[38, "MOTOR1_1", 1585, -2435, "B", "DIP", "A+", "", "C", 86.61, 86.61, 49.21, 0],
		[39, "MOTOR1_2", 1735, -2435, "T", "DIP", "A-", "", "C", 86.61, 86.61, 49.21, 0],
		[40, "MOTOR1_2", 1735, -2435, "B", "DIP", "A-", "", "C", 86.61, 86.61, 49.21, 0],
		[41, "MOTOR2_1", 1950, -2435, "T", "DIP", "B-", "", "C", 86.61, 86.61, 49.21, 0],
		[42, "MOTOR2_1", 1950, -2435, "B", "DIP", "B-", "", "C", 86.61, 86.61, 49.21, 0],
		[43, "MOTOR2_2", 2100, -2435, "T", "DIP", "B+", "", "C", 86.61, 86.61, 49.21, 0],
		[44, "MOTOR2_2", 2100, -2435, "B", "DIP", "B+", "", "C", 86.61, 86.61, 49.21, 0],
		[45, "MOTORPOWER_1", 2315, -2435, "T", "DIP", "$1N6369", "", "C", 86.61, 86.61, 49.21, 0],
		[46, "MOTORPOWER_1", 2315, -2435, "B", "DIP", "$1N6369", "", "C", 86.61, 86.61, 49.21, 0],
		[47, "MOTORPOWER_2", 2465, -2435, "T", "DIP", "$1N6364", "", "C", 86.61, 86.61, 49.21, 0],
		[48, "MOTORPOWER_2", 2465, -2435, "B", "DIP", "$1N6364", "", "C", 86.61, 86.61, 49.21, 0],
		[49, "PICOW1_1", 630.59, -97.01, "T", "DIP", "DIR", "", "O", 62.99, 51.18, 39.37, 0],
		[50, "PICOW1_1", 630.59, -97.01, "B", "DIP", "DIR", "", "O", 62.99, 51.18, 39.37, 0],
		[51, "PICOW1_2", 630.59, -197.01, "T", "DIP", "PUL", "", "O", 62.99, 51.18, 39.37, 0],
		[52, "PICOW1_2", 630.59, -197.01, "B", "DIP", "PUL", "", "O", 62.99, 51.18, 39.37, 0],
		[53, "PICOW1_3", 630.59, -297.01, "T", "DIP", "GND", "GND", "O", 62.99, 51.18, 39.37, 0],
		[54, "PICOW1_3", 630.59, -297.01, "B", "DIP", "GND", "GND", "O", 62.99, 51.18, 39.37, 0],
		[55, "PICOW1_4", 630.59, -397.01, "T", "DIP", "POWER", "", "O", 62.99, 51.18, 39.37, 0],
		[56, "PICOW1_4", 630.59, -397.01, "B", "DIP", "POWER", "", "O", 62.99, 51.18, 39.37, 0],
		[57, "PICOW1_5", 630.59, -497.01, "T", "DIP", "WIFI", "", "O", 62.99, 51.18, 39.37, 0],
		[58, "PICOW1_5", 630.59, -497.01, "B", "DIP", "WIFI", "", "O", 62.99, 51.18, 39.37, 0],
		[59, "PICOW1_6", 630.59, -597.01, "T", "DIP", "RESET", "", "O", 62.99, 51.18, 39.37, 0],
		[60, "PICOW1_6", 630.59, -597.01, "B", "DIP", "RESET", "", "O", 62.99, 51.18, 39.37, 0],
		[61, "PICOW1_7", 630.59, -697.01, "T", "DIP", "PICOW1_7", "", "O", 62.99, 51.18, 39.37, 0],
		[62, "PICOW1_7", 630.59, -697.01, "B", "DIP", "PICOW1_7", "", "O", 62.99, 51.18, 39.37, 0],
		[63, "PICOW1_8", 630.59, -797.01, "T", "DIP", "PICOW1_8", "", "O", 62.99, 51.18, 39.37, 0],
		[64, "PICOW1_8", 630.59, -797.01, "B", "DIP", "PICOW1_8", "", "O", 62.99, 51.18, 39.37, 0],
		[65, "PICOW1_9", 630.59, -897.01, "T", "DIP", "PICOW1_9", "", "O", 62.99, 51.18, 39.37, 0],
		[66, "PICOW1_9", 630.59, -897.01, "B", "DIP", "PICOW1_9", "", "O", 62.99, 51.18, 39.37, 0],
		[67, "PICOW1_10", 630.59, -997.01, "T", "DIP", "PICOW1_10", "", "O", 62.99, 51.18, 39.37, 0],
		[68, "PICOW1_10", 630.59, -997.01, "B", "DIP", "PICOW1_10", "", "O", 62.99, 51.18, 39.37, 0],
		[69, "PICOW1_11", 630.59, -1097.01, "T", "DIP", "PICOW1_11", "", "O", 62.99, 51.18, 39.37, 0],
		[70, "PICOW1_11", 630.59, -1097.01, "B", "DIP", "PICOW1_11", "", "O", 62.99, 51.18, 39.37, 0],
		[71, "PICOW1_12", 630.59, -1197.01, "T", "DIP", "PICOW1_12", "", "O", 62.99, 51.18, 39.37, 0],
		[72, "PICOW1_12", 630.59, -1197.01, "B", "DIP", "PICOW1_12", "", "O", 62.99, 51.18, 39.37, 0],
		[73, "PICOW1_13", 630.59, -1297.01, "T", "DIP", "PICOW1_13", "", "O", 62.99, 51.18, 39.37, 0],
		[74, "PICOW1_13", 630.59, -1297.01, "B", "DIP", "PICOW1_13", "", "O", 62.99, 51.18, 39.37, 0],
		[75, "PICOW1_14", 630.59, -1397.01, "T", "DIP", "PICOW1_14", "", "O", 62.99, 51.18, 39.37, 0],
		[76, "PICOW1_14", 630.59, -1397.01, "B", "DIP", "PICOW1_14", "", "O", 62.99, 51.18, 39.37, 0],
		[77, "PICOW1_15", 630.59, -1497.01, "T", "DIP", "PICOW1_15", "", "O", 62.99, 51.18, 39.37, 0],
		[78, "PICOW1_15", 630.59, -1497.01, "B", "DIP", "PICOW1_15", "", "O", 62.99, 51.18, 39.37, 0],
		[79, "PICOW1_16", 630.59, -1597.01, "T", "DIP", "TX", "", "O", 62.99, 51.18, 39.37, 0],
		[80, "PICOW1_16", 630.59, -1597.01, "B", "DIP", "TX", "", "O", 62.99, 51.18, 39.37, 0],
		[81, "PICOW1_17", 630.59, -1697.01, "T", "DIP", "RX", "", "O", 62.99, 51.18, 39.37, 0],
		[82, "PICOW1_17", 630.59, -1697.01, "B", "DIP", "RX", "", "O", 62.99, 51.18, 39.37, 0],
		[83, "PICOW1_18", 630.59, -1797.01, "T", "DIP", "PICOW1_18", "", "O", 62.99, 51.18, 39.37, 0],
		[84, "PICOW1_18", 630.59, -1797.01, "B", "DIP", "PICOW1_18", "", "O", 62.99, 51.18, 39.37, 0],
		[85, "PICOW1_19", 630.59, -1897.01, "T", "DIP", "PICOW1_19", "", "O", 62.99, 51.18, 39.37, 0],
		[86, "PICOW1_19", 630.59, -1897.01, "B", "DIP", "PICOW1_19", "", "O", 62.99, 51.18, 39.37, 0],
		[87, "PICOW1_20", 630.59, -1997.01, "T", "DIP", "PICOW1_20", "", "O", 62.99, 51.18, 39.37, 0],
		[88, "PICOW1_20", 630.59, -1997.01, "B", "DIP", "PICOW1_20", "", "O", 62.99, 51.18, 39.37, 0],
		[89, "PICOW1_21", 1330.59, -1997.01, "T", "DIP", "PICOW1_21", "", "O", 62.99, 51.18, 39.37, 0],
		[90, "PICOW1_21", 1330.59, -1997.01, "B", "DIP", "PICOW1_21", "", "O", 62.99, 51.18, 39.37, 0],
		[91, "PICOW1_22", 1330.59, -1897.01, "T", "DIP", "PICOW1_22", "", "O", 62.99, 51.18, 39.37, 0],
		[92, "PICOW1_22", 1330.59, -1897.01, "B", "DIP", "PICOW1_22", "", "O", 62.99, 51.18, 39.37, 0],
		[93, "PICOW1_23", 1330.59, -1797.01, "T", "DIP", "PICOW1_23", "", "O", 62.99, 51.18, 39.37, 0],
		[94, "PICOW1_23", 1330.59, -1797.01, "B", "DIP", "PICOW1_23", "", "O", 62.99, 51.18, 39.37, 0],
		[95, "PICOW1_24", 1330.59, -1697.01, "T", "DIP", "PICOW1_24", "", "O", 62.99, 51.18, 39.37, 0],
		[96, "PICOW1_24", 1330.59, -1697.01, "B", "DIP", "PICOW1_24", "", "O", 62.99, 51.18, 39.37, 0],
		[97, "PICOW1_25", 1330.59, -1597.01, "T", "DIP", "PICOW1_25", "", "O", 62.99, 51.18, 39.37, 0],
		[98, "PICOW1_25", 1330.59, -1597.01, "B", "DIP", "PICOW1_25", "", "O", 62.99, 51.18, 39.37, 0],
		[99, "PICOW1_26", 1330.59, -1497.01, "T", "DIP", "PICOW1_26", "", "O", 62.99, 51.18, 39.37, 0],
		[100, "PICOW1_26", 1330.59, -1497.01, "B", "DIP", "PICOW1_26", "", "O", 62.99, 51.18, 39.37, 0],
		[101, "PICOW1_27", 1330.59, -1397.01, "T", "DIP", "PICOW1_27", "", "O", 62.99, 51.18, 39.37, 0],
		[102, "PICOW1_27", 1330.59, -1397.01, "B", "DIP", "PICOW1_27", "", "O", 62.99, 51.18, 39.37, 0],
		[103, "PICOW1_28", 1330.59, -1297.01, "T", "DIP", "PICOW1_28", "", "O", 62.99, 51.18, 39.37, 0],
		[104, "PICOW1_28", 1330.59, -1297.01, "B", "DIP", "PICOW1_28", "", "O", 62.99, 51.18, 39.37, 0],
		[105, "PICOW1_29", 1330.59, -1197.01, "T", "DIP", "PICOW1_29", "", "O", 62.99, 51.18, 39.37, 0],
		[106, "PICOW1_29", 1330.59, -1197.01, "B", "DIP", "PICOW1_29", "", "O", 62.99, 51.18, 39.37, 0],
		[107, "PICOW1_30", 1330.59, -1097.01, "T", "DIP", "PICOW1_30", "", "O", 62.99, 51.18, 39.37, 0],
		[108, "PICOW1_30", 1330.59, -1097.01, "B", "DIP", "PICOW1_30", "", "O", 62.99, 51.18, 39.37, 0],
		[109, "PICOW1_31", 1330.59, -997.01, "T", "DIP", "ADC1", "", "O", 62.99, 51.18, 39.37, 0],
		[110, "PICOW1_31", 1330.59, -997.01, "B", "DIP", "ADC1", "", "O", 62.99, 51.18, 39.37, 0],
		[111, "PICOW1_32", 1330.59, -897.01, "T", "DIP", "ADC2", "", "O", 62.99, 51.18, 39.37, 0],
		[112, "PICOW1_32", 1330.59, -897.01, "B", "DIP", "ADC2", "", "O", 62.99, 51.18, 39.37, 0],
		[113, "PICOW1_33", 1330.59, -797.01, "T", "DIP", "PICOW1_33", "", "O", 62.99, 51.18, 39.37, 0],
		[114, "PICOW1_33", 1330.59, -797.01, "B", "DIP", "PICOW1_33", "", "O", 62.99, 51.18, 39.37, 0],
		[115, "PICOW1_34", 1330.59, -697.01, "T", "DIP", "PICOW1_34", "", "O", 62.99, 51.18, 39.37, 0],
		[116, "PICOW1_34", 1330.59, -697.01, "B", "DIP", "PICOW1_34", "", "O", 62.99, 51.18, 39.37, 0],
		[117, "PICOW1_35", 1330.59, -597.01, "T", "DIP", "PICOW1_35", "", "O", 62.99, 51.18, 39.37, 0],
		[118, "PICOW1_35", 1330.59, -597.01, "B", "DIP", "PICOW1_35", "", "O", 62.99, 51.18, 39.37, 0],
		[119, "PICOW1_36", 1330.59, -497.01, "T", "DIP", "3V3", "", "O", 62.99, 51.18, 39.37, 0],
		[120, "PICOW1_36", 1330.59, -497.01, "B", "DIP", "3V3", "", "O", 62.99, 51.18, 39.37, 0],
		[121, "PICOW1_37", 1330.59, -397.01, "T", "DIP", "PICOW1_37", "", "O", 62.99, 51.18, 39.37, 0],
		[122, "PICOW1_37", 1330.59, -397.01, "B", "DIP", "PICOW1_37", "", "O", 62.99, 51.18, 39.37, 0],
		[123, "PICOW1_38", 1330.59, -297.01, "T", "DIP", "GND", "GND", "O", 62.99, 51.18, 39.37, 0],
		[124, "PICOW1_38", 1330.59, -297.01, "B", "DIP", "GND", "GND", "O", 62.99, 51.18, 39.37, 0],
		[125, "PICOW1_39", 1330.59, -197.01, "T", "DIP", "PICOW1_39", "", "O", 62.99, 51.18, 39.37, 0],
		[126, "PICOW1_39", 1330.59, -197.01, "B", "DIP", "PICOW1_39", "", "O", 62.99, 51.18, 39.37, 0],
		[127, "PICOW1_40", 1330.59, -97.01, "T", "DIP", "+5V", "", "O", 62.99, 51.18, 39.37, 0],
		[128, "PICOW1_40", 1330.59, -97.01, "B", "DIP", "+5V", "", "O", 62.99, 51.18, 39.37, 0],
		[129, "R1_1", 2150, -885.79, "T", "DIP", "ADC1", "", "C", 55.12, 55.12, 31.5, 90],
		[130, "R1_1", 2150, -885.79, "B", "DIP", "ADC1", "", "C", 55.12, 55.12, 31.5, 90],
		[131, "R1_2", 2150, -484.21, "T", "DIP", "$1N923", "", "C", 55.12, 55.12, 31.5, 90],
		[132, "R1_2", 2150, -484.21, "B", "DIP", "$1N923", "", "C", 55.12, 55.12, 31.5, 90],
		[133, "R2_1", 1565, -895.79, "T", "DIP", "ADC2", "", "C", 55.12, 55.12, 31.5, 90],
		[134, "R2_1", 1565, -895.79, "B", "DIP", "ADC2", "", "C", 55.12, 55.12, 31.5, 90],
		[135, "R2_2", 1565, -494.21, "T", "DIP", "$1N1215", "", "C", 55.12, 55.12, 31.5, 90],
		[136, "R2_2", 1565, -494.21, "B", "DIP", "$1N1215", "", "C", 55.12, 55.12, 31.5, 90],
		[137, "R3_1", 1890.79, -1055, "T", "DIP", "GND", "GND", "C", 55.12, 55.12, 31.5, 180],
		[138, "R3_1", 1890.79, -1055, "B", "DIP", "GND", "GND", "C", 55.12, 55.12, 31.5, 180],
		[139, "R3_2", 1489.21, -1055, "T", "DIP", "$1N1557", "", "C", 55.12, 55.12, 31.5, 180],
		[140, "R3_2", 1489.21, -1055, "B", "DIP", "$1N1557", "", "C", 55.12, 55.12, 31.5, 180],
		[141, "R4_1", 495.79, -2365, "T", "DIP", "GND", "GND", "C", 55.12, 55.12, 31.5, 180],
		[142, "R4_1", 495.79, -2365, "B", "DIP", "GND", "GND", "C", 55.12, 55.12, 31.5, 180],
		[143, "R4_2", 94.21, -2365, "T", "DIP", "$1N1596", "", "C", 55.12, 55.12, 31.5, 180],
		[144, "R4_2", 94.21, -2365, "B", "DIP", "$1N1596", "", "C", 55.12, 55.12, 31.5, 180],
		[145, "R5_1", 505.79, -2150, "T", "DIP", "3V3", "", "C", 55.12, 55.12, 31.5, 180],
		[146, "R5_1", 505.79, -2150, "B", "DIP", "3V3", "", "C", 55.12, 55.12, 31.5, 180],
		[147, "R5_2", 104.21, -2150, "T", "DIP", "$1N2055", "", "C", 55.12, 55.12, 31.5, 180],
		[148, "R5_2", 104.21, -2150, "B", "DIP", "$1N2055", "", "C", 55.12, 55.12, 31.5, 180],
		[149, "TMC2209_1", 2320, -1890.63, "T", "DIP", "$1N6364", "", "C", 62.99, 62.99, 39.37, 270],
		[150, "TMC2209_1", 2320, -1890.63, "B", "DIP", "$1N6364", "", "C", 62.99, 62.99, 39.37, 270],
		[151, "TMC2209_2", 2220, -1890.63, "T", "DIP", "$1N6369", "", "C", 62.99, 62.99, 39.37, 270],
		[152, "TMC2209_2", 2220, -1890.63, "B", "DIP", "$1N6369", "", "C", 62.99, 62.99, 39.37, 270],
		[153, "TMC2209_3", 2120, -1890.63, "T", "DIP", "B+", "", "C", 62.99, 62.99, 39.37, 270],
		[154, "TMC2209_3", 2120, -1890.63, "B", "DIP", "B+", "", "C", 62.99, 62.99, 39.37, 270],
		[155, "TMC2209_4", 2020, -1890.63, "T", "DIP", "B-", "", "C", 62.99, 62.99, 39.37, 270],
		[156, "TMC2209_4", 2020, -1890.63, "B", "DIP", "B-", "", "C", 62.99, 62.99, 39.37, 270],
		[157, "TMC2209_5", 1920, -1890.63, "T", "DIP", "A-", "", "C", 62.99, 62.99, 39.37, 270],
		[158, "TMC2209_5", 1920, -1890.63, "B", "DIP", "A-", "", "C", 62.99, 62.99, 39.37, 270],
		[159, "TMC2209_6", 1820, -1890.63, "T", "DIP", "A+", "", "C", 62.99, 62.99, 39.37, 270],
		[160, "TMC2209_6", 1820, -1890.63, "B", "DIP", "A+", "", "C", 62.99, 62.99, 39.37, 270],
		[161, "TMC2209_7", 1720, -1890.63, "T", "DIP", "+5V", "", "C", 62.99, 62.99, 39.37, 270],
		[162, "TMC2209_7", 1720, -1890.63, "B", "DIP", "+5V", "", "C", 62.99, 62.99, 39.37, 270],
		[163, "TMC2209_8", 1620, -1890.63, "T", "DIP", "GND", "GND", "C", 62.99, 62.99, 39.37, 270],
		[164, "TMC2209_8", 1620, -1890.63, "B", "DIP", "GND", "GND", "C", 62.99, 62.99, 39.37, 270],
		[165, "TMC2209_9", 1620, -1401.69, "T", "DIP", "DIR", "", "C", 62.99, 62.99, 39.37, 90],
		[166, "TMC2209_9", 1620, -1401.69, "B", "DIP", "DIR", "", "C", 62.99, 62.99, 39.37, 90],
		[167, "TMC2209_10", 1720, -1401.69, "T", "DIP", "PUL", "", "C", 62.99, 62.99, 39.37, 90],
		[168, "TMC2209_10", 1720, -1401.69, "B", "DIP", "PUL", "", "C", 62.99, 62.99, 39.37, 90],
		[169, "TMC2209_11", 1820, -1401.69, "T", "DIP", "TMC2209_11", "", "C", 62.99, 62.99, 39.37, 90],
		[170, "TMC2209_11", 1820, -1401.69, "B", "DIP", "TMC2209_11", "", "C", 62.99, 62.99, 39.37, 90],
		[171, "TMC2209_12", 1920, -1401.69, "T", "DIP", "TMC2209_12", "", "C", 62.99, 62.99, 39.37, 90],
		[172, "TMC2209_12", 1920, -1401.69, "B", "DIP", "TMC2209_12", "", "C", 62.99, 62.99, 39.37, 90],
		[173, "TMC2209_13", 2020, -1401.69, "T", "DIP", "TMC2209_13", "", "C", 62.99, 62.99, 39.37, 90],
		[174, "TMC2209_13", 2020, -1401.69, "B", "DIP", "TMC2209_13", "", "C", 62.99, 62.99, 39.37, 90],
		[175, "TMC2209_14", 2120, -1401.69, "T", "DIP", "GND", "GND", "C", 62.99, 62.99, 39.37, 90],
		[176, "TMC2209_14", 2120, -1401.69, "B", "DIP", "GND", "GND", "C", 62.99, 62.99, 39.37, 90],
		[177, "TMC2209_15", 2220, -1401.69, "T", "DIP", "GND", "GND", "C", 62.99, 62.99, 39.37, 90],
		[178, "TMC2209_15", 2220, -1401.69, "B", "DIP", "GND", "GND", "C", 62.99, 62.99, 39.37, 90],
		[179, "TMC2209_16", 2320, -1401.69, "T", "DIP", "GND", "GND", "C", 62.99, 62.99, 39.37, 90],
		[180, "TMC2209_16", 2320, -1401.69, "B", "DIP", "GND", "GND", "C", 62.99, 62.99, 39.37, 90]
	]
}
}